{
    "libVersion": "3.14.2",
    "projectname": "wxapp",
    "setting": {
        "urlCheck": false,
        "coverView": true,
        "lazyloadPlaceholderEnable": false,
        "skylineRenderEnable": false,
        "preloadBackgroundData": false,
        "autoAudits": false,
        "showShadowRootInWxmlPanel": true,
        "compileHotReLoad": true,
        "useApiHook": true,
        "useApiHostProcess": true,
        "useStaticServer": false,
        "useLanDebug": false,
        "showES6CompileOption": false,
        "checkInvalidKey": true,
        "ignoreDevUnusedFiles": true,
        "bigPackageSizeSupport": true
    }
}